SortOrder,LocID,Notes,ISO3_code,ISO2_code,SDMX_code,LocTypeID,LocTypeName,ParentID,Location,VarID,Variant,Time,MidPeriod,AgeGrp,AgeGrpStart,AgeGrpSpan,PopMale,PopFemale,PopTotal
126,764,,THA,TH,764,4,Country/Area,920,Thailand,2,Medium,2019,2019,50-54,50,5,2571.506,2897.236,5468.742
126,764,,THA,TH,764,4,Country/Area,920,Thailand,2,Medium,2019,2019,55-59,55,5,2466.099,2746.893,5212.992
126,764,,THA,TH,764,4,Country/Area,920,Thailand,2,Medium,2019,2019,60-64,60,5,2075.496,2324.3,4399.796
126,764,,THA,TH,764,4,Country/Area,920,Thailand,2,Medium,2019,2019,65-69,65,5,1534.008,1768.607,3302.615
126,764,,THA,TH,764,4,Country/Area,920,Thailand,2,Medium,2019,2019,70-74,70,5,1021.653,1236.951,2258.604
126,764,,THA,TH,764,4,Country/Area,920,Thailand,2,Medium,2019,2019,75-79,75,5,687.203,895.155,1582.358
126,764,,THA,TH,764,4,Country/Area,920,Thailand,2,Medium,2019,2019,80-84,80,5,448.545,633.312,1081.857
126,764,,THA,TH,764,4,Country/Area,920,Thailand,2,Medium,2019,2019,85-89,85,5,228.168,377.976,606.144
126,764,,THA,TH,764,4,Country/Area,920,Thailand,2,Medium,2019,2019,90-94,90,5,88.432,168.752,257.184
126,764,,THA,TH,764,4,Country/Area,920,Thailand,2,Medium,2019,2019,95-99,95,5,21.902,49.777,71.679
126,764,,THA,TH,764,4,Country/Area,920,Thailand,2,Medium,2019,2019,100+,100,-1,5.472,19.118,24.59
127,626,,TLS,TL,626,4,Country/Area,920,Timor-Leste,2,Medium,2019,2019,0-4,0,5,81.333,76.245,157.578
127,626,,TLS,TL,626,4,Country/Area,920,Timor-Leste,2,Medium,2019,2019,05-Sep,5,5,79.045,73.762,152.807
127,626,,TLS,TL,626,4,Country/Area,920,Timor-Leste,2,Medium,2019,2019,Oct-14,10,5,82.416,76.825,159.241
127,626,,TLS,TL,626,4,Country/Area,920,Timor-Leste,2,Medium,2019,2019,15-19,15,5,77.761,73.261,151.022
127,626,,TLS,TL,626,4,Country/Area,920,Timor-Leste,2,Medium,2019,2019,20-24,20,5,64.393,62.069,126.462
127,626,,TLS,TL,626,4,Country/Area,920,Timor-Leste,2,Medium,2019,2019,25-29,25,5,51.32,51.448,102.768
127,626,,TLS,TL,626,4,Country/Area,920,Timor-Leste,2,Medium,2019,2019,30-34,30,5,42.218,42.558,84.776
127,626,,TLS,TL,626,4,Country/Area,920,Timor-Leste,2,Medium,2019,2019,35-39,35,5,31.898,31.834,63.732
127,626,,TLS,TL,626,4,Country/Area,920,Timor-Leste,2,Medium,2019,2019,40-44,40,5,26.923,25.833,52.756
127,626,,TLS,TL,626,4,Country/Area,920,Timor-Leste,2,Medium,2019,2019,45-49,45,5,26.48,24.06,50.54
127,626,,TLS,TL,626,4,Country/Area,920,Timor-Leste,2,Medium,2019,2019,50-54,50,5,21.86,19.643,41.503
127,626,,TLS,TL,626,4,Country/Area,920,Timor-Leste,2,Medium,2019,2019,55-59,55,5,16.625,15.317,31.942
127,626,,TLS,TL,626,4,Country/Area,920,Timor-Leste,2,Medium,2019,2019,60-64,60,5,13.483,13.213,26.696
127,626,,TLS,TL,626,4,Country/Area,920,Timor-Leste,2,Medium,2019,2019,65-69,65,5,12.517,13.782,26.299
127,626,,TLS,TL,626,4,Country/Area,920,Timor-Leste,2,Medium,2019,2019,70-74,70,5,10.207,11.708,21.915
127,626,,TLS,TL,626,4,Country/Area,920,Timor-Leste,2,Medium,2019,2019,75-79,75,5,5.872,6.572,12.444
127,626,,TLS,TL,626,4,Country/Area,920,Timor-Leste,2,Medium,2019,2019,80-84,80,5,2.546,2.965,5.511
127,626,,TLS,TL,626,4,Country/Area,920,Timor-Leste,2,Medium,2019,2019,85-89,85,5,0.974,1.242,2.216
127,626,,TLS,TL,626,4,Country/Area,920,Timor-Leste,2,Medium,2019,2019,90-94,90,5,0.328,0.443,0.771
127,626,,TLS,TL,626,4,Country/Area,920,Timor-Leste,2,Medium,2019,2019,95-99,95,5,0.055,0.083,0.138
127,626,,TLS,TL,626,4,Country/Area,920,Timor-Leste,2,Medium,2019,2019,100+,100,-1,0,0.004,0.004
90,768,,TGO,TG,768,4,Country/Area,914,Togo,2,Medium,2019,2019,0-4,0,5,619.273,608.779,1228.052
90,768,,TGO,TG,768,4,Country/Area,914,Togo,2,Medium,2019,2019,05-Sep,5,5,563.986,554.532,1118.518
90,768,,TGO,TG,768,4,Country/Area,914,Togo,2,Medium,2019,2019,Oct-14,10,5,494.157,483.592,977.749
90,768,,TGO,TG,768,4,Country/Area,914,Togo,2,Medium,2019,2019,15-19,15,5,427.778,418.199,845.977
90,768,,TGO,TG,768,4,Country/Area,914,Togo,2,Medium,2019,2019,20-24,20,5,364.3,356.217,720.517
90,768,,TGO,TG,768,4,Country/Area,914,Togo,2,Medium,2019,2019,25-29,25,5,319.879,312.853,632.732
90,768,,TGO,TG,768,4,Country/Area,914,Togo,2,Medium,2019,2019,30-34,30,5,279.425,273.004,552.429
90,768,,TGO,TG,768,4,Country/Area,914,Togo,2,Medium,2019,2019,35-39,35,5,240.351,236.209,476.56
90,768,,TGO,TG,768,4,Country/Area,914,Togo,2,Medium,2019,2019,40-44,40,5,202.584,200.589,403.173
90,768,,TGO,TG,768,4,Country/Area,914,Togo,2,Medium,2019,2019,45-49,45,5,163.055,163.674,326.729
90,768,,TGO,TG,768,4,Country/Area,914,Togo,2,Medium,2019,2019,50-54,50,5,128.508,131.363,259.871
90,768,,TGO,TG,768,4,Country/Area,914,Togo,2,Medium,2019,2019,55-59,55,5,98.96,103.608,202.568
90,768,,TGO,TG,768,4,Country/Area,914,Togo,2,Medium,2019,2019,60-64,60,5,74.494,80.142,154.636
90,768,,TGO,TG,768,4,Country/Area,914,Togo,2,Medium,2019,2019,65-69,65,5,53.7,59.154,112.854
90,768,,TGO,TG,768,4,Country/Area,914,Togo,2,Medium,2019,2019,70-74,70,5,34.52,38.718,73.238
90,768,,TGO,TG,768,4,Country/Area,914,Togo,2,Medium,2019,2019,75-79,75,5,17.769,20.449,38.218
90,768,,TGO,TG,768,4,Country/Area,914,Togo,2,Medium,2019,2019,80-84,80,5,7.026,8.465,15.491
90,768,,TGO,TG,768,4,Country/Area,914,Togo,2,Medium,2019,2019,85-89,85,5,1.789,2.267,4.056
90,768,,TGO,TG,768,4,Country/Area,914,Togo,2,Medium,2019,2019,90-94,90,5,0.227,0.326,0.553
90,768,,TGO,TG,768,4,Country/Area,914,Togo,2,Medium,2019,2019,95-99,95,5,0.012,0.02,0.032
90,768,,TGO,TG,768,4,Country/Area,914,Togo,2,Medium,2019,2019,100+,100,-1,0,0,0
287,772,35,TKL,TK,772,4,Country/Area,957,Tokelau,2,Medium,2019,2019,0-4,0,5,0.076,0.079,0.155
287,772,35,TKL,TK,772,4,Country/Area,957,Tokelau,2,Medium,2019,2019,05-Sep,5,5,0.086,0.085,0.171
287,772,35,TKL,TK,772,4,Country/Area,957,Tokelau,2,Medium,2019,2019,Oct-14,10,5,0.108,0.082,0.19
287,772,35,TKL,TK,772,4,Country/Area,957,Tokelau,2,Medium,2019,2019,15-19,15,5,0.065,0.081,0.146
287,772,35,TKL,TK,772,4,Country/Area,957,Tokelau,2,Medium,2019,2019,20-24,20,5,0.07,0.055,0.125
287,772,35,TKL,TK,772,4,Country/Area,957,Tokelau,2,Medium,2019,2019,25-29,25,5,0.054,0.054,0.108
287,772,35,TKL,TK,772,4,Country/Area,957,Tokelau,2,Medium,2019,2019,30-34,30,5,0.051,0.05,0.101
287,772,35,TKL,TK,772,4,Country/Area,957,Tokelau,2,Medium,2019,2019,35-39,35,5,0.054,0.053,0.107
287,772,35,TKL,TK,772,4,Country/Area,957,Tokelau,2,Medium,2019,2019,40-44,40,5,0.052,0.048,0.1
287,772,35,TKL,TK,772,4,Country/Area,957,Tokelau,2,Medium,2019,2019,45-49,45,5,0.046,0.03,0.076
287,772,35,TKL,TK,772,4,Country/Area,957,Tokelau,2,Medium,2019,2019,50-54,50,5,0.056,0.056,0.112
287,772,35,TKL,TK,772,4,Country/Area,957,Tokelau,2,Medium,2019,2019,55-59,55,5,0.035,0.046,0.081
287,772,35,TKL,TK,772,4,Country/Area,957,Tokelau,2,Medium,2019,2019,60-64,60,5,0.033,0.019,0.052
287,772,35,TKL,TK,772,4,Country/Area,957,Tokelau,2,Medium,2019,2019,65-69,65,5,0.029,0.028,0.057
287,772,35,TKL,TK,772,4,Country/Area,957,Tokelau,2,Medium,2019,2019,70-74,70,5,0.009,0.023,0.032
287,772,35,TKL,TK,772,4,Country/Area,957,Tokelau,2,Medium,2019,2019,75-79,75,5,0.014,0.025,0.039
287,772,35,TKL,TK,772,4,Country/Area,957,Tokelau,2,Medium,2019,2019,80-84,80,5,0.008,0.014,0.022
287,772,35,TKL,TK,772,4,Country/Area,957,Tokelau,2,Medium,2019,2019,85-89,85,5,0.005,0.007,0.012
287,772,35,TKL,TK,772,4,Country/Area,957,Tokelau,2,Medium,2019,2019,90-94,90,5,0.001,0.001,0.002
287,772,35,TKL,TK,772,4,Country/Area,957,Tokelau,2,Medium,2019,2019,95-99,95,5,0,0,0
287,772,35,TKL,TK,772,4,Country/Area,957,Tokelau,2,Medium,2019,2019,100+,100,-1,0,0,0
288,776,,TON,TO,776,4,Country/Area,957,Tonga,2,Medium,2019,2019,0-4,0,5,6.584,6.121,12.705
288,776,,TON,TO,776,4,Country/Area,957,Tonga,2,Medium,2019,2019,05-Sep,5,5,6.615,6.12,12.735
288,776,,TON,TO,776,4,Country/Area,957,Tonga,2,Medium,2019,2019,Oct-14,10,5,6.145,5.886,12.031
288,776,,TON,TO,776,4,Country/Area,957,Tonga,2,Medium,2019,2019,15-19,15,5,5.671,5.418,11.089
288,776,,TON,TO,776,4,Country/Area,957,Tonga,2,Medium,2019,2019,20-24,20,5,4.304,4.387,8.691
288,776,,TON,TO,776,4,Country/Area,957,Tonga,2,Medium,2019,2019,25-29,25,5,3.526,3.781,7.307
288,776,,TON,TO,776,4,Country/Area,957,Tonga,2,Medium,2019,2019,30-34,30,5,3.013,3.522,6.535
288,776,,TON,TO,776,4,Country/Area,957,Tonga,2,Medium,2019,2019,35-39,35,5,2.857,3.236,6.093
288,776,,TON,TO,776,4,Country/Area,957,Tonga,2,Medium,2019,2019,40-44,40,5,2.5,2.777,5.277
288,776,,TON,TO,776,4,Country/Area,957,Tonga,2,Medium,2019,2019,45-49,45,5,2.573,2.678,5.251
288,776,,TON,TO,776,4,Country/Area,957,Tonga,2,Medium,2019,2019,50-54,50,5,2.372,2.263,4.635
288,776,,TON,TO,776,4,Country/Area,957,Tonga,2,Medium,2019,2019,55-59,55,5,1.682,1.787,3.469
288,776,,TON,TO,776,4,Country/Area,957,Tonga,2,Medium,2019,2019,60-64,60,5,1.342,1.435,2.777
288,776,,TON,TO,776,4,Country/Area,957,Tonga,2,Medium,2019,2019,65-69,65,5,1.02,1.15,2.17
288,776,,TON,TO,776,4,Country/Area,957,Tonga,2,Medium,2019,2019,70-74,70,5,0.8,0.927,1.727
288,776,,TON,TO,776,4,Country/Area,957,Tonga,2,Medium,2019,2019,75-79,75,5,0.554,0.707,1.261
288,776,,TON,TO,776,4,Country/Area,957,Tonga,2,Medium,2019,2019,80-84,80,5,0.33,0.448,0.778
288,776,,TON,TO,776,4,Country/Area,957,Tonga,2,Medium,2019,2019,85-89,85,5,0.142,0.232,0.374
288,776,,TON,TO,776,4,Country/Area,957,Tonga,2,Medium,2019,2019,90-94,90,5,0.034,0.073,0.107
288,776,,TON,TO,776,4,Country/Area,957,Tonga,2,Medium,2019,2019,95-99,95,5,0.005,0.01,0.015
288,776,,TON,TO,776,4,Country/Area,957,Tonga,2,Medium,2019,2019,100+,100,-1,0,0.001,0.001
230,780,,TTO,TT,780,4,Country/Area,915,Trinidad and Tobago,2,Medium,2019,2019,0-4,0,5,49.44,47.707,97.147
230,780,,TTO,TT,780,4,Country/Area,915,Trinidad and Tobago,2,Medium,2019,2019,05-Sep,5,5,52.057,50.212,102.269
230,780,,TTO,TT,780,4,Country/Area,915,Trinidad and Tobago,2,Medium,2019,2019,Oct-14,10,5,51.216,49.248,100.464
230,780,,TTO,TT,780,4,Country/Area,915,Trinidad and Tobago,2,Medium,2019,2019,15-19,15,5,51.105,48.403,99.508
230,780,,TTO,TT,780,4,Country/Area,915,Trinidad and Tobago,2,Medium,2019,2019,20-24,20,5,53.118,49.634,102.752
230,780,,TTO,TT,780,4,Country/Area,915,Trinidad and Tobago,2,Medium,2019,2019,25-29,25,5,60.373,57.319,117.692
230,780,,TTO,TT,780,4,Country/Area,915,Trinidad and Tobago,2,Medium,2019,2019,30-34,30,5,71.229,68.897,140.126
230,780,,TTO,TT,780,4,Country/Area,915,Trinidad and Tobago,2,Medium,2019,2019,35-39,35,5,69.862,68.222,138.084
230,780,,TTO,TT,780,4,Country/Area,915,Trinidad and Tobago,2,Medium,2019,2019,40-44,40,5,56.455,55.589,112.044
230,780,,TTO,TT,780,4,Country/Area,915,Trinidad and Tobago,2,Medium,2019,2019,45-49,45,5,48.371,48.54,96.911
230,780,,TTO,TT,780,4,Country/Area,915,Trinidad and Tobago,2,Medium,2019,2019,50-54,50,5,45.233,47.611,92.844
230,780,,TTO,TT,780,4,Country/Area,915,Trinidad and Tobago,2,Medium,2019,2019,55-59,55,5,47.25,50.014,97.264
230,780,,TTO,TT,780,4,Country/Area,915,Trinidad and Tobago,2,Medium,2019,2019,60-64,60,5,36.726,42.275,79.001
230,780,,TTO,TT,780,4,Country/Area,915,Trinidad and Tobago,2,Medium,2019,2019,65-69,65,5,27.647,33.112,60.759
230,780,,TTO,TT,780,4,Country/Area,915,Trinidad and Tobago,2,Medium,2019,2019,70-74,70,5,17.837,22.073,39.91
230,780,,TTO,TT,780,4,Country/Area,915,Trinidad and Tobago,2,Medium,2019,2019,75-79,75,5,10.183,13.91,24.093
230,780,,TTO,TT,780,4,Country/Area,915,Trinidad and Tobago,2,Medium,2019,2019,80-84,80,5,5.229,8.505,13.734
230,780,,TTO,TT,780,4,Country/Area,915,Trinidad and Tobago,2,Medium,2019,2019,85-89,85,5,2.331,4.95,7.281
230,780,,TTO,TT,780,4,Country/Area,915,Trinidad and Tobago,2,Medium,2019,2019,90-94,90,5,0.796,2.355,3.151
230,780,,TTO,TT,780,4,Country/Area,915,Trinidad and Tobago,2,Medium,2019,2019,95-99,95,5,0.19,0.664,0.854
230,780,,TTO,TT,780,4,Country/Area,915,Trinidad and Tobago,2,Medium,2019,2019,100+,100,-1,0.028,0.094,0.122
65,788,,TUN,TN,788,4,Country/Area,912,Tunisia,2,Medium,2019,2019,0-4,0,5,554.007,524.922,1078.929
65,788,,TUN,TN,788,4,Country/Area,912,Tunisia,2,Medium,2019,2019,05-Sep,5,5,527.248,494.961,1022.209
65,788,,TUN,TN,788,4,Country/Area,912,Tunisia,2,Medium,2019,2019,Oct-14,10,5,457.374,429.152,886.526
65,788,,TUN,TN,788,4,Country/Area,912,Tunisia,2,Medium,2019,2019,15-19,15,5,410.842,395.371,806.213
65,788,,TUN,TN,788,4,Country/Area,912,Tunisia,2,Medium,2019,2019,20-24,20,5,431.67,434.182,865.852
65,788,,TUN,TN,788,4,Country/Area,912,Tunisia,2,Medium,2019,2019,25-29,25,5,470.356,488.353,958.709
65,788,,TUN,TN,788,4,Country/Area,912,Tunisia,2,Medium,2019,2019,30-34,30,5,483.305,517.395,1000.7
65,788,,TUN,TN,788,4,Country/Area,912,Tunisia,2,Medium,2019,2019,35-39,35,5,442.462,476.82,919.282
65,788,,TUN,TN,788,4,Country/Area,912,Tunisia,2,Medium,2019,2019,40-44,40,5,422.24,435.931,858.171
65,788,,TUN,TN,788,4,Country/Area,912,Tunisia,2,Medium,2019,2019,45-49,45,5,371.235,381.132,752.367
65,788,,TUN,TN,788,4,Country/Area,912,Tunisia,2,Medium,2019,2019,50-54,50,5,351.502,365.244,716.746
65,788,,TUN,TN,788,4,Country/Area,912,Tunisia,2,Medium,2019,2019,55-59,55,5,311.375,324.207,635.582
65,788,,TUN,TN,788,4,Country/Area,912,Tunisia,2,Medium,2019,2019,60-64,60,5,250.672,255.913,506.585
65,788,,TUN,TN,788,4,Country/Area,912,Tunisia,2,Medium,2019,2019,65-69,65,5,176.389,184.09,360.479
65,788,,TUN,TN,788,4,Country/Area,912,Tunisia,2,Medium,2019,2019,70-74,70,5,119.725,137.937,257.662
65,788,,TUN,TN,788,4,Country/Area,912,Tunisia,2,Medium,2019,2019,75-79,75,5,81.383,101.134,182.517
65,788,,TUN,TN,788,4,Country/Area,912,Tunisia,2,Medium,2019,2019,80-84,80,5,47.648,63.303,110.951
65,788,,TUN,TN,788,4,Country/Area,912,Tunisia,2,Medium,2019,2019,85-89,85,5,21.124,32.931,54.055
65,788,,TUN,TN,788,4,Country/Area,912,Tunisia,2,Medium,2019,2019,90-94,90,5,5.464,10.364,15.828
65,788,,TUN,TN,788,4,Country/Area,912,Tunisia,2,Medium,2019,2019,95-99,95,5,0.773,1.995,2.768
65,788,,TUN,TN,788,4,Country/Area,912,Tunisia,2,Medium,2019,2019,100+,100,-1,0.058,0.187,0.245
96,795,,TKM,TM,795,4,Country/Area,5500,Turkmenistan,2,Medium,2019,2019,0-4,0,5,365.521,346.106,711.627
96,795,,TKM,TM,795,4,Country/Area,5500,Turkmenistan,2,Medium,2019,2019,05-Sep,5,5,337.991,320.657,658.648
96,795,,TKM,TM,795,4,Country/Area,5500,Turkmenistan,2,Medium,2019,2019,Oct-14,10,5,272.32,259.268,531.588
96,795,,TKM,TM,795,4,Country/Area,5500,Turkmenistan,2,Medium,2019,2019,15-19,15,5,250.308,239.242,489.55
96,795,,TKM,TM,795,4,Country/Area,5500,Turkmenistan,2,Medium,2019,2019,20-24,20,5,269.196,258.191,527.387
96,795,,TKM,TM,795,4,Country/Area,5500,Turkmenistan,2,Medium,2019,2019,25-29,25,5,288.15,277.179,565.329
96,795,,TKM,TM,795,4,Country/Area,5500,Turkmenistan,2,Medium,2019,2019,30-34,30,5,257.377,262.901,520.278
96,795,,TKM,TM,795,4,Country/Area,5500,Turkmenistan,2,Medium,2019,2019,35-39,35,5,202.369,208.931,411.3
96,795,,TKM,TM,795,4,Country/Area,5500,Turkmenistan,2,Medium,2019,2019,40-44,40,5,170.84,181.109,351.949
96,795,,TKM,TM,795,4,Country/Area,5500,Turkmenistan,2,Medium,2019,2019,45-49,45,5,155.784,161.878,317.662
96,795,,TKM,TM,795,4,Country/Area,5500,Turkmenistan,2,Medium,2019,2019,50-54,50,5,136.499,151.716,288.215
96,795,,TKM,TM,795,4,Country/Area,5500,Turkmenistan,2,Medium,2019,2019,55-59,55,5,123.232,146.068,269.3
96,795,,TKM,TM,795,4,Country/Area,5500,Turkmenistan,2,Medium,2019,2019,60-64,60,5,88.188,109.039,197.227
96,795,,TKM,TM,795,4,Country/Area,5500,Turkmenistan,2,Medium,2019,2019,65-69,65,5,53.73,72.405,126.135
96,795,,TKM,TM,795,4,Country/Area,5500,Turkmenistan,2,Medium,2019,2019,70-74,70,5,25.815,36.586,62.401
96,795,,TKM,TM,795,4,Country/Area,5500,Turkmenistan,2,Medium,2019,2019,75-79,75,5,16.455,26.075,42.53
96,795,,TKM,TM,795,4,Country/Area,5500,Turkmenistan,2,Medium,2019,2019,80-84,80,5,9.789,18.141,27.93
96,795,,TKM,TM,795,4,Country/Area,5500,Turkmenistan,2,Medium,2019,2019,85-89,85,5,3.153,7.331,10.484
96,795,,TKM,TM,795,4,Country/Area,5500,Turkmenistan,2,Medium,2019,2019,90-94,90,5,0.591,2.07,2.661
96,795,,TKM,TM,795,4,Country/Area,5500,Turkmenistan,2,Medium,2019,2019,95-99,95,5,0.021,0.242,0.263
96,795,,TKM,TM,795,4,Country/Area,5500,Turkmenistan,2,Medium,2019,2019,100+,100,-1,0,0.01,0.01
231,796,19,TCA,TC,796,4,Country/Area,915,Turks and Caicos Islands,2,Medium,2019,2019,0-4,0,5,1.256,1.231,2.487
231,796,19,TCA,TC,796,4,Country/Area,915,Turks and Caicos Islands,2,Medium,2019,2019,05-Sep,5,5,1.076,1.199,2.275
231,796,19,TCA,TC,796,4,Country/Area,915,Turks and Caicos Islands,2,Medium,2019,2019,Oct-14,10,5,1.139,1.329,2.468
231,796,19,TCA,TC,796,4,Country/Area,915,Turks and Caicos Islands,2,Medium,2019,2019,15-19,15,5,1.177,1.382,2.559
231,796,19,TCA,TC,796,4,Country/Area,915,Turks and Caicos Islands,2,Medium,2019,2019,20-24,20,5,1.339,1.489,2.828
231,796,19,TCA,TC,796,4,Country/Area,915,Turks and Caicos Islands,2,Medium,2019,2019,25-29,25,5,1.51,1.408,2.918
231,796,19,TCA,TC,796,4,Country/Area,915,Turks and Caicos Islands,2,Medium,2019,2019,30-34,30,5,1.938,1.693,3.631
231,796,19,TCA,TC,796,4,Country/Area,915,Turks and Caicos Islands,2,Medium,2019,2019,35-39,35,5,2.16,1.863,4.023
231,796,19,TCA,TC,796,4,Country/Area,915,Turks and Caicos Islands,2,Medium,2019,2019,40-44,40,5,2.107,1.757,3.864
231,796,19,TCA,TC,796,4,Country/Area,915,Turks and Caicos Islands,2,Medium,2019,2019,45-49,45,5,1.935,1.659,3.594
231,796,19,TCA,TC,796,4,Country/Area,915,Turks and Caicos Islands,2,Medium,2019,2019,50-54,50,5,1.578,1.485,3.063
231,796,19,TCA,TC,796,4,Country/Area,915,Turks and Caicos Islands,2,Medium,2019,2019,55-59,55,5,1.361,1.269,2.63
231,796,19,TCA,TC,796,4,Country/Area,915,Turks and Caicos Islands,2,Medium,2019,2019,60-64,60,5,0.903,0.985,1.888
231,796,19,TCA,TC,796,4,Country/Area,915,Turks and Caicos Islands,2,Medium,2019,2019,65-69,65,5,0.696,0.791,1.487
231,796,19,TCA,TC,796,4,Country/Area,915,Turks and Caicos Islands,2,Medium,2019,2019,70-74,70,5,0.456,0.464,0.92
231,796,19,TCA,TC,796,4,Country/Area,915,Turks and Caicos Islands,2,Medium,2019,2019,75-79,75,5,0.323,0.372,0.695
231,796,19,TCA,TC,796,4,Country/Area,915,Turks and Caicos Islands,2,Medium,2019,2019,80-84,80,5,0.216,0.284,0.5
231,796,19,TCA,TC,796,4,Country/Area,915,Turks and Caicos Islands,2,Medium,2019,2019,85-89,85,5,0.137,0.175,0.312
231,796,19,TCA,TC,796,4,Country/Area,915,Turks and Caicos Islands,2,Medium,2019,2019,90-94,90,5,0.043,0.092,0.135
231,796,19,TCA,TC,796,4,Country/Area,915,Turks and Caicos Islands,2,Medium,2019,2019,95-99,95,5,0.007,0.021,0.028
231,796,19,TCA,TC,796,4,Country/Area,915,Turks and Caicos Islands,2,Medium,2019,2019,100+,100,-1,0,0.001,0.001
289,798,,TUV,TV,798,4,Country/Area,957,Tuvalu,2,Medium,2019,2019,0-4,0,5,0.63,0.573,1.203
289,798,,TUV,TV,798,4,Country/Area,957,Tuvalu,2,Medium,2019,2019,05-Sep,5,5,0.626,0.576,1.202
289,798,,TUV,TV,798,4,Country/Area,957,Tuvalu,2,Medium,2019,2019,Oct-14,10,5,0.552,0.48,1.032
289,798,,TUV,TV,798,4,Country/Area,957,Tuvalu,2,Medium,2019,2019,15-19,15,5,0.504,0.447,0.951
289,798,,TUV,TV,798,4,Country/Area,957,Tuvalu,2,Medium,2019,2019,20-24,20,5,0.467,0.478,0.945
289,798,,TUV,TV,798,4,Country/Area,957,Tuvalu,2,Medium,2019,2019,25-29,25,5,0.504,0.434,0.938
289,798,,TUV,TV,798,4,Country/Area,957,Tuvalu,2,Medium,2019,2019,30-34,30,5,0.428,0.376,0.804
289,798,,TUV,TV,798,4,Country/Area,957,Tuvalu,2,Medium,2019,2019,35-39,35,5,0.324,0.281,0.605
289,798,,TUV,TV,798,4,Country/Area,957,Tuvalu,2,Medium,2019,2019,40-44,40,5,0.266,0.228,0.494
289,798,,TUV,TV,798,4,Country/Area,957,Tuvalu,2,Medium,2019,2019,45-49,45,5,0.259,0.217,0.476
289,798,,TUV,TV,798,4,Country/Area,957,Tuvalu,2,Medium,2019,2019,50-54,50,5,0.333,0.26,0.593
289,798,,TUV,TV,798,4,Country/Area,957,Tuvalu,2,Medium,2019,2019,55-59,55,5,0.271,0.333,0.604
289,798,,TUV,TV,798,4,Country/Area,957,Tuvalu,2,Medium,2019,2019,60-64,60,5,0.203,0.236,0.439
289,798,,TUV,TV,798,4,Country/Area,957,Tuvalu,2,Medium,2019,2019,65-69,65,5,0.127,0.153,0.28
289,798,,TUV,TV,798,4,Country/Area,957,Tuvalu,2,Medium,2019,2019,70-74,70,5,0.069,0.087,0.156
289,798,,TUV,TV,798,4,Country/Area,957,Tuvalu,2,Medium,2019,2019,75-79,75,5,0.042,0.061,0.103
289,798,,TUV,TV,798,4,Country/Area,957,Tuvalu,2,Medium,2019,2019,80-84,80,5,0.02,0.043,0.063
289,798,,TUV,TV,798,4,Country/Area,957,Tuvalu,2,Medium,2019,2019,85-89,85,5,0.008,0.01,0.018
289,798,,TUV,TV,798,4,Country/Area,957,Tuvalu,2,Medium,2019,2019,90-94,90,5,0.002,0.006,0.008
289,798,,TUV,TV,798,4,Country/Area,957,Tuvalu,2,Medium,2019,2019,95-99,95,5,0,0,0
289,798,,TUV,TV,798,4,Country/Area,957,Tuvalu,2,Medium,2019,2019,100+,100,-1,0,0,0
45,800,,UGA,UG,800,4,Country/Area,910,Uganda,2,Medium,2019,2019,0-4,0,5,3656.414,3587.807,7244.221
45,800,,UGA,UG,800,4,Country/Area,910,Uganda,2,Medium,2019,2019,05-Sep,5,5,3291.42,3259.745,6551.165
45,800,,UGA,UG,800,4,Country/Area,910,Uganda,2,Medium,2019,2019,Oct-14,10,5,2914.618,2915.468,5830.086
45,800,,UGA,UG,800,4,Country/Area,910,Uganda,2,Medium,2019,2019,15-19,15,5,2524.975,2542.051,5067.026
45,800,,UGA,UG,800,4,Country/Area,910,Uganda,2,Medium,2019,2019,20-24,20,5,2119.794,2144.332,4264.126
45,800,,UGA,UG,800,4,Country/Area,910,Uganda,2,Medium,2019,2019,25-29,25,5,1685.438,1719.004,3404.442
45,800,,UGA,UG,800,4,Country/Area,910,Uganda,2,Medium,2019,2019,30-34,30,5,1248.26,1283.922,2532.182
45,800,,UGA,UG,800,4,Country/Area,910,Uganda,2,Medium,2019,2019,35-39,35,5,907.255,943.981,1851.236
45,800,,UGA,UG,800,4,Country/Area,910,Uganda,2,Medium,2019,2019,40-44,40,5,716.941,758.119,1475.06
45,800,,UGA,UG,800,4,Country/Area,910,Uganda,2,Medium,2019,2019,45-49,45,5,581.836,632.095,1213.931
45,800,,UGA,UG,800,4,Country/Area,910,Uganda,2,Medium,2019,2019,50-54,50,5,433.121,495.345,928.466
45,800,,UGA,UG,800,4,Country/Area,910,Uganda,2,Medium,2019,2019,55-59,55,5,300.012,370.95,670.962
45,800,,UGA,UG,800,4,Country/Area,910,Uganda,2,Medium,2019,2019,60-64,60,5,210.775,279.097,489.872
45,800,,UGA,UG,800,4,Country/Area,910,Uganda,2,Medium,2019,2019,65-69,65,5,144.722,202.256,346.978
45,800,,UGA,UG,800,4,Country/Area,910,Uganda,2,Medium,2019,2019,70-74,70,5,77.548,110.033,187.581
45,800,,UGA,UG,800,4,Country/Area,910,Uganda,2,Medium,2019,2019,75-79,75,5,35.694,55.805,91.499
45,800,,UGA,UG,800,4,Country/Area,910,Uganda,2,Medium,2019,2019,80-84,80,5,15.852,28.102,43.954
45,800,,UGA,UG,800,4,Country/Area,910,Uganda,2,Medium,2019,2019,85-89,85,5,5.23,10.15,15.38
45,800,,UGA,UG,800,4,Country/Area,910,Uganda,2,Medium,2019,2019,90-94,90,5,1.127,2.357,3.484
45,800,,UGA,UG,800,4,Country/Area,910,Uganda,2,Medium,2019,2019,95-99,95,5,0.201,0.36,0.561
45,800,,UGA,UG,800,4,Country/Area,910,Uganda,2,Medium,2019,2019,100+,100,-1,0.047,0.038,0.085
159,804,15,UKR,UA,804,4,Country/Area,923,Ukraine,2,Medium,2019,2019,0-4,0,5,1068.012,1003.325,2071.337
159,804,15,UKR,UA,804,4,Country/Area,923,Ukraine,2,Medium,2019,2019,05-Sep,5,5,1291.813,1214.417,2506.23
159,804,15,UKR,UA,804,4,Country/Area,923,Ukraine,2,Medium,2019,2019,Oct-14,10,5,1165.945,1102.02,2267.965
159,804,15,UKR,UA,804,4,Country/Area,923,Ukraine,2,Medium,2019,2019,15-19,15,5,997.119,940.282,1937.401
159,804,15,UKR,UA,804,4,Country/Area,923,Ukraine,2,Medium,2019,2019,20-24,20,5,1194.889,1129.015,2323.904
159,804,15,UKR,UA,804,4,Country/Area,923,Ukraine,2,Medium,2019,2019,25-29,25,5,1560.587,1487.443,3048.03
159,804,15,UKR,UA,804,4,Country/Area,923,Ukraine,2,Medium,2019,2019,30-34,30,5,1909.786,1854.507,3764.293
159,804,15,UKR,UA,804,4,Country/Area,923,Ukraine,2,Medium,2019,2019,35-39,35,5,1777.19,1769.523,3546.713
159,804,15,UKR,UA,804,4,Country/Area,923,Ukraine,2,Medium,2019,2019,40-44,40,5,1583.894,1658.07,3241.964
159,804,15,UKR,UA,804,4,Country/Area,923,Ukraine,2,Medium,2019,2019,45-49,45,5,1471.156,1598.938,3070.094
159,804,15,UKR,UA,804,4,Country/Area,923,Ukraine,2,Medium,2019,2019,50-54,50,5,1343.237,1555.43,2898.667
159,804,15,UKR,UA,804,4,Country/Area,923,Ukraine,2,Medium,2019,2019,55-59,55,5,1456.189,1829.079,3285.268
159,804,15,UKR,UA,804,4,Country/Area,923,Ukraine,2,Medium,2019,2019,60-64,60,5,1231.439,1716.5,2947.939
159,804,15,UKR,UA,804,4,Country/Area,923,Ukraine,2,Medium,2019,2019,65-69,65,5,978.261,1546.028,2524.289
159,804,15,UKR,UA,804,4,Country/Area,923,Ukraine,2,Medium,2019,2019,70-74,70,5,547.981,1009.63,1557.611
159,804,15,UKR,UA,804,4,Country/Area,923,Ukraine,2,Medium,2019,2019,75-79,75,5,448.323,1011.923,1460.246
159,804,15,UKR,UA,804,4,Country/Area,923,Ukraine,2,Medium,2019,2019,80-84,80,5,332.262,825.49,1157.752
159,804,15,UKR,UA,804,4,Country/Area,923,Ukraine,2,Medium,2019,2019,85-89,85,5,123.56,346.422,469.982
159,804,15,UKR,UA,804,4,Country/Area,923,Ukraine,2,Medium,2019,2019,90-94,90,5,49.719,159.384,209.103
159,804,15,UKR,UA,804,4,Country/Area,923,Ukraine,2,Medium,2019,2019,95-99,95,5,12.135,27.671,39.806
159,804,15,UKR,UA,804,4,Country/Area,923,Ukraine,2,Medium,2019,2019,100+,100,-1,1.089,1.813,2.902
262,840,31,USA,US,840,4,Country/Area,918,United States of America,2,Medium,2019,2019,0-4,0,5,10205.807,9754.45,19960.257
262,840,31,USA,US,840,4,Country/Area,918,United States of America,2,Medium,2019,2019,05-Sep,5,5,10615.648,10117.314,20732.962
262,840,31,USA,US,840,4,Country/Area,918,United States of America,2,Medium,2019,2019,Oct-14,10,5,11285.124,10767.122,22052.246
262,840,31,USA,US,840,4,Country/Area,918,United States of America,2,Medium,2019,2019,15-19,15,5,11158.155,10681.394,21839.549
262,840,31,USA,US,840,4,Country/Area,918,United States of America,2,Medium,2019,2019,20-24,20,5,11163.327,10732.69,21896.017
262,840,31,USA,US,840,4,Country/Area,918,United States of America,2,Medium,2019,2019,25-29,25,5,11909.268,11565.804,23475.072
262,840,31,USA,US,840,4,Country/Area,918,United States of America,2,Medium,2019,2019,30-34,30,5,11483.919,11181.858,22665.777
262,840,31,USA,US,840,4,Country/Area,918,United States of America,2,Medium,2019,2019,35-39,35,5,11199.886,11009.54,22209.426
262,840,31,USA,US,840,4,Country/Area,918,United States of America,2,Medium,2019,2019,40-44,40,5,10269.014,10241.384,20510.398
262,840,31,USA,US,840,4,Country/Area,918,United States of America,2,Medium,2019,2019,45-49,45,5,10699.173,10692.556,21391.729
262,840,31,USA,US,840,4,Country/Area,918,United States of America,2,Medium,2019,2019,50-54,50,5,10627.664,10803.417,21431.081
262,840,31,USA,US,840,4,Country/Area,918,United States of America,2,Medium,2019,2019,55-59,55,5,10986.574,11371.712,22358.286
262,840,31,USA,US,840,4,Country/Area,918,United States of America,2,Medium,2019,2019,60-64,60,5,10100.601,10692.004,20792.605
262,840,31,USA,US,840,4,Country/Area,918,United States of America,2,Medium,2019,2019,65-69,65,5,8106.885,8946.938,17053.823
262,840,31,USA,US,840,4,Country/Area,918,United States of America,2,Medium,2019,2019,70-74,70,5,6216.098,7266.752,13482.85
262,840,31,USA,US,840,4,Country/Area,918,United States of America,2,Medium,2019,2019,75-79,75,5,4125.148,4997.13,9122.278
262,840,31,USA,US,840,4,Country/Area,918,United States of America,2,Medium,2019,2019,80-84,80,5,2592.891,3465.824,6058.715
262,840,31,USA,US,840,4,Country/Area,918,United States of America,2,Medium,2019,2019,85-89,85,5,1631.966,2358.241,3990.207
262,840,31,USA,US,840,4,Country/Area,918,United States of America,2,Medium,2019,2019,90-94,90,5,586.191,1046.225,1632.416
262,840,31,USA,US,840,4,Country/Area,918,United States of America,2,Medium,2019,2019,95-99,95,5,152.274,367.257,519.531
262,840,31,USA,US,840,4,Country/Area,918,United States of America,2,Medium,2019,2019,100+,100,-1,15.573,60.305,75.878
255,858,,URY,UY,858,4,Country/Area,931,Uruguay,2,Medium,2019,2019,0-4,0,5,114.62,108.639,223.259
255,858,,URY,UY,858,4,Country/Area,931,Uruguay,2,Medium,2019,2019,05-Sep,5,5,120.163,114.842,235.005
255,858,,URY,UY,858,4,Country/Area,931,Uruguay,2,Medium,2019,2019,Oct-14,10,5,122.392,116.778,239.17
255,858,,URY,UY,858,4,Country/Area,931,Uruguay,2,Medium,2019,2019,15-19,15,5,126.448,121.185,247.633
255,858,,URY,UY,858,4,Country/Area,931,Uruguay,2,Medium,2019,2019,20-24,20,5,132.522,128.054,260.576
255,858,,URY,UY,858,4,Country/Area,931,Uruguay,2,Medium,2019,2019,25-29,25,5,127.428,123.122,250.55
255,858,,URY,UY,858,4,Country/Area,931,Uruguay,2,Medium,2019,2019,30-34,30,5,117.194,113.809,231.003
255,858,,URY,UY,858,4,Country/Area,931,Uruguay,2,Medium,2019,2019,35-39,35,5,108.801,109.592,218.393
255,858,,URY,UY,858,4,Country/Area,931,Uruguay,2,Medium,2019,2019,40-44,40,5,115.505,117.934,233.439
255,858,,URY,UY,858,4,Country/Area,931,Uruguay,2,Medium,2019,2019,45-49,45,5,102.877,104.191,207.068
255,858,,URY,UY,858,4,Country/Area,931,Uruguay,2,Medium,2019,2019,50-54,50,5,98.744,103.307,202.051
255,858,,URY,UY,858,4,Country/Area,931,Uruguay,2,Medium,2019,2019,55-59,55,5,92.774,100.073,192.847
255,858,,URY,UY,858,4,Country/Area,931,Uruguay,2,Medium,2019,2019,60-64,60,5,79.614,90.424,170.038
255,858,,URY,UY,858,4,Country/Area,931,Uruguay,2,Medium,2019,2019,65-69,65,5,64.472,78.192,142.664
255,858,,URY,UY,858,4,Country/Area,931,Uruguay,2,Medium,2019,2019,70-74,70,5,51.332,69.058,120.39
255,858,,URY,UY,858,4,Country/Area,931,Uruguay,2,Medium,2019,2019,75-79,75,5,38.448,58.952,97.4
255,858,,URY,UY,858,4,Country/Area,931,Uruguay,2,Medium,2019,2019,80-84,80,5,25.475,47.757,73.232
255,858,,URY,UY,858,4,Country/Area,931,Uruguay,2,Medium,2019,2019,85-89,85,5,13.567,34.156,47.723
255,858,,URY,UY,858,4,Country/Area,931,Uruguay,2,Medium,2019,2019,90-94,90,5,5.156,19.399,24.555
255,858,,URY,UY,858,4,Country/Area,931,Uruguay,2,Medium,2019,2019,95-99,95,5,1.221,7.657,8.878
255,858,,URY,UY,858,4,Country/Area,931,Uruguay,2,Medium,2019,2019,100+,100,-1,0.185,2.487,2.672
97,860,,UZB,UZ,860,4,Country/Area,5500,Uzbekistan,2,Medium,2019,2019,0-4,0,5,1868.225,1731.067,3599.292
97,860,,UZB,UZ,860,4,Country/Area,5500,Uzbekistan,2,Medium,2019,2019,05-Sep,5,5,1646.167,1540.163,3186.33
97,860,,UZB,UZ,860,4,Country/Area,5500,Uzbekistan,2,Medium,2019,2019,Oct-14,10,5,1428.211,1352.767,2780.978
97,860,,UZB,UZ,860,4,Country/Area,5500,Uzbekistan,2,Medium,2019,2019,15-19,15,5,1311.081,1252.456,2563.537
97,860,,UZB,UZ,860,4,Country/Area,5500,Uzbekistan,2,Medium,2019,2019,20-24,20,5,1486.341,1430.495,2916.836
97,860,,UZB,UZ,860,4,Country/Area,5500,Uzbekistan,2,Medium,2019,2019,25-29,25,5,1583.894,1529.833,3113.727
97,860,,UZB,UZ,860,4,Country/Area,5500,Uzbekistan,2,Medium,2019,2019,30-34,30,5,1462.204,1425.952,2888.156
97,860,,UZB,UZ,860,4,Country/Area,5500,Uzbekistan,2,Medium,2019,2019,35-39,35,5,1186.893,1183.276,2370.169
97,860,,UZB,UZ,860,4,Country/Area,5500,Uzbekistan,2,Medium,2019,2019,40-44,40,5,1006.56,1025.973,2032.533
97,860,,UZB,UZ,860,4,Country/Area,5500,Uzbekistan,2,Medium,2019,2019,45-49,45,5,856.201,890.346,1746.547
97,860,,UZB,UZ,860,4,Country/Area,5500,Uzbekistan,2,Medium,2019,2019,50-54,50,5,760.029,805.257,1565.286
97,860,,UZB,UZ,860,4,Country/Area,5500,Uzbekistan,2,Medium,2019,2019,55-59,55,5,664.923,727.666,1392.589
97,860,,UZB,UZ,860,4,Country/Area,5500,Uzbekistan,2,Medium,2019,2019,60-64,60,5,474.222,546.091,1020.313
97,860,,UZB,UZ,860,4,Country/Area,5500,Uzbekistan,2,Medium,2019,2019,65-69,65,5,300.942,382.913,683.855
97,860,,UZB,UZ,860,4,Country/Area,5500,Uzbekistan,2,Medium,2019,2019,70-74,70,5,145.267,194.74,340.007
97,860,,UZB,UZ,860,4,Country/Area,5500,Uzbekistan,2,Medium,2019,2019,75-79,75,5,99.809,155.48,255.289
97,860,,UZB,UZ,860,4,Country/Area,5500,Uzbekistan,2,Medium,2019,2019,80-84,80,5,56.04,112.93,168.97
97,860,,UZB,UZ,860,4,Country/Area,5500,Uzbekistan,2,Medium,2019,2019,85-89,85,5,20.612,46.724,67.336
97,860,,UZB,UZ,860,4,Country/Area,5500,Uzbekistan,2,Medium,2019,2019,90-94,90,5,4.78,12.314,17.094
97,860,,UZB,UZ,860,4,Country/Area,5500,Uzbekistan,2,Medium,2019,2019,95-99,95,5,0.19,1.357,1.547
97,860,,UZB,UZ,860,4,Country/Area,5500,Uzbekistan,2,Medium,2019,2019,100+,100,-1,0.002,0.04,0.042
272,548,,VUT,VU,548,4,Country/Area,928,Vanuatu,2,Medium,2019,2019,0-4,0,5,22.903,21.477,44.38
272,548,,VUT,VU,548,4,Country/Area,928,Vanuatu,2,Medium,2019,2019,05-Sep,5,5,21.366,20.048,41.414
272,548,,VUT,VU,548,4,Country/Area,928,Vanuatu,2,Medium,2019,2019,Oct-14,10,5,17.614,16.474,34.088
272,548,,VUT,VU,548,4,Country/Area,928,Vanuatu,2,Medium,2019,2019,15-19,15,5,14.279,13.853,28.132
272,548,,VUT,VU,548,4,Country/Area,928,Vanuatu,2,Medium,2019,2019,20-24,20,5,12.6,13.571,26.171
272,548,,VUT,VU,548,4,Country/Area,928,Vanuatu,2,Medium,2019,2019,25-29,25,5,12.121,13.449,25.57
272,548,,VUT,VU,548,4,Country/Area,928,Vanuatu,2,Medium,2019,2019,30-34,30,5,10.563,11.243,21.806
272,548,,VUT,VU,548,4,Country/Area,928,Vanuatu,2,Medium,2019,2019,35-39,35,5,8.656,8.889,17.545
272,548,,VUT,VU,548,4,Country/Area,928,Vanuatu,2,Medium,2019,2019,40-44,40,5,7.661,6.758,14.419
272,548,,VUT,VU,548,4,Country/Area,928,Vanuatu,2,Medium,2019,2019,45-49,45,5,6.016,6.119,12.135
272,548,,VUT,VU,548,4,Country/Area,928,Vanuatu,2,Medium,2019,2019,50-54,50,5,4.778,5.376,10.154
272,548,,VUT,VU,548,4,Country/Area,928,Vanuatu,2,Medium,2019,2019,55-59,55,5,3.773,4.105,7.878
272,548,,VUT,VU,548,4,Country/Area,928,Vanuatu,2,Medium,2019,2019,60-64,60,5,3.045,2.975,6.02
272,548,,VUT,VU,548,4,Country/Area,928,Vanuatu,2,Medium,2019,2019,65-69,65,5,2.293,1.923,4.216
272,548,,VUT,VU,548,4,Country/Area,928,Vanuatu,2,Medium,2019,2019,70-74,70,5,1.557,1.161,2.718
272,548,,VUT,VU,548,4,Country/Area,928,Vanuatu,2,Medium,2019,2019,75-79,75,5,1.001,0.805,1.806
272,548,,VUT,VU,548,4,Country/Area,928,Vanuatu,2,Medium,2019,2019,80-84,80,5,0.688,0.659,1.347
272,548,,VUT,VU,548,4,Country/Area,928,Vanuatu,2,Medium,2019,2019,85-89,85,5,0.34,0.402,0.742
272,548,,VUT,VU,548,4,Country/Area,928,Vanuatu,2,Medium,2019,2019,90-94,90,5,0.102,0.143,0.245
272,548,,VUT,VU,548,4,Country/Area,928,Vanuatu,2,Medium,2019,2019,95-99,95,5,0.018,0.028,0.046
272,548,,VUT,VU,548,4,Country/Area,928,Vanuatu,2,Medium,2019,2019,100+,100,-1,0.002,0.003,0.005
256,862,,VEN,VE,862,4,Country/Area,931,Venezuela (Bolivarian Republic of),2,Medium,2019,2019,0-4,0,5,1382.876,1308.905,2691.781
256,862,,VEN,VE,862,4,Country/Area,931,Venezuela (Bolivarian Republic of),2,Medium,2019,2019,05-Sep,5,5,1454.629,1381.595,2836.224
256,862,,VEN,VE,862,4,Country/Area,931,Venezuela (Bolivarian Republic of),2,Medium,2019,2019,Oct-14,10,5,1461.895,1387.7,2849.595
256,862,,VEN,VE,862,4,Country/Area,931,Venezuela (Bolivarian Republic of),2,Medium,2019,2019,15-19,15,5,1344.643,1255.098,2599.741
256,862,,VEN,VE,862,4,Country/Area,931,Venezuela (Bolivarian Republic of),2,Medium,2019,2019,20-24,20,5,1163.21,1094.015,2257.225
256,862,,VEN,VE,862,4,Country/Area,931,Venezuela (Bolivarian Republic of),2,Medium,2019,2019,25-29,25,5,1093.008,1056.895,2149.903
256,862,,VEN,VE,862,4,Country/Area,931,Venezuela (Bolivarian Republic of),2,Medium,2019,2019,30-34,30,5,1041.16,1051.058,2092.218
256,862,,VEN,VE,862,4,Country/Area,931,Venezuela (Bolivarian Republic of),2,Medium,2019,2019,35-39,35,5,983.004,1015.52,1998.524
256,862,,VEN,VE,862,4,Country/Area,931,Venezuela (Bolivarian Republic of),2,Medium,2019,2019,40-44,40,5,915.761,958.726,1874.487
256,862,,VEN,VE,862,4,Country/Area,931,Venezuela (Bolivarian Republic of),2,Medium,2019,2019,45-49,45,5,831.367,880.241,1711.608
256,862,,VEN,VE,862,4,Country/Area,931,Venezuela (Bolivarian Republic of),2,Medium,2019,2019,50-54,50,5,755.873,812.206,1568.079
256,862,,VEN,VE,862,4,Country/Area,931,Venezuela (Bolivarian Republic of),2,Medium,2019,2019,55-59,55,5,654.337,720.663,1375
256,862,,VEN,VE,862,4,Country/Area,931,Venezuela (Bolivarian Republic of),2,Medium,2019,2019,60-64,60,5,527.757,605.771,1133.528
256,862,,VEN,VE,862,4,Country/Area,931,Venezuela (Bolivarian Republic of),2,Medium,2019,2019,65-69,65,5,372.575,453.654,826.229
256,862,,VEN,VE,862,4,Country/Area,931,Venezuela (Bolivarian Republic of),2,Medium,2019,2019,70-74,70,5,263.355,331.447,594.802
256,862,,VEN,VE,862,4,Country/Area,931,Venezuela (Bolivarian Republic of),2,Medium,2019,2019,75-79,75,5,172.964,235.652,408.616
256,862,,VEN,VE,862,4,Country/Area,931,Venezuela (Bolivarian Republic of),2,Medium,2019,2019,80-84,80,5,91.44,144.52,235.96
256,862,,VEN,VE,862,4,Country/Area,931,Venezuela (Bolivarian Republic of),2,Medium,2019,2019,85-89,85,5,29.472,61.806,91.278
256,862,,VEN,VE,862,4,Country/Area,931,Venezuela (Bolivarian Republic of),2,Medium,2019,2019,90-94,90,5,3.383,14.778,18.161
256,862,,VEN,VE,862,4,Country/Area,931,Venezuela (Bolivarian Republic of),2,Medium,2019,2019,95-99,95,5,0.082,1.452,1.534
256,862,,VEN,VE,862,4,Country/Area,931,Venezuela (Bolivarian Republic of),2,Medium,2019,2019,100+,100,-1,0.002,0.04,0.042
128,704,,VNM,VN,704,4,Country/Area,920,Viet Nam,2,Medium,2019,2019,0-4,0,5,3956.863,3548.484,7505.347
128,704,,VNM,VN,704,4,Country/Area,920,Viet Nam,2,Medium,2019,2019,05-Sep,5,5,3856.593,3474.607,7331.2
128,704,,VNM,VN,704,4,Country/Area,920,Viet Nam,2,Medium,2019,2019,Oct-14,10,5,3666.307,3372.668,7038.975
128,704,,VNM,VN,704,4,Country/Area,920,Viet Nam,2,Medium,2019,2019,15-19,15,5,3540.53,3357.505,6898.035
128,704,,VNM,VN,704,4,Country/Area,920,Viet Nam,2,Medium,2019,2019,20-24,20,5,3701.895,3595.839,7297.734
128,704,,VNM,VN,704,4,Country/Area,920,Viet Nam,2,Medium,2019,2019,25-29,25,5,4146.907,4159.28,8306.187
128,704,,VNM,VN,704,4,Country/Area,920,Viet Nam,2,Medium,2019,2019,30-34,30,5,3944.743,4044.636,7989.379
128,704,,VNM,VN,704,4,Country/Area,920,Viet Nam,2,Medium,2019,2019,35-39,35,5,3850.049,3839.575,7689.624
128,704,,VNM,VN,704,4,Country/Area,920,Viet Nam,2,Medium,2019,2019,40-44,40,5,3590.588,3507.453,7098.041
128,704,,VNM,VN,704,4,Country/Area,920,Viet Nam,2,Medium,2019,2019,45-49,45,5,3044.772,3117.933,6162.705
128,704,,VNM,VN,704,4,Country/Area,920,Viet Nam,2,Medium,2019,2019,50-54,50,5,2511.937,2755.377,5267.314
128,704,,VNM,VN,704,4,Country/Area,920,Viet Nam,2,Medium,2019,2019,55-59,55,5,2334.433,2634.262,4968.695
128,704,,VNM,VN,704,4,Country/Area,920,Viet Nam,2,Medium,2019,2019,60-64,60,5,1978.943,2290.452,4269.395
128,704,,VNM,VN,704,4,Country/Area,920,Viet Nam,2,Medium,2019,2019,65-69,65,5,1350.599,1693.871,3044.47
128,704,,VNM,VN,704,4,Country/Area,920,Viet Nam,2,Medium,2019,2019,70-74,70,5,703.495,1017.949,1721.444
128,704,,VNM,VN,704,4,Country/Area,920,Viet Nam,2,Medium,2019,2019,75-79,75,5,447.689,744.108,1191.797
128,704,,VNM,VN,704,4,Country/Area,920,Viet Nam,2,Medium,2019,2019,80-84,80,5,279.551,575.19,854.741
128,704,,VNM,VN,704,4,Country/Area,920,Viet Nam,2,Medium,2019,2019,85-89,85,5,130.491,362.163,492.654
128,704,,VNM,VN,704,4,Country/Area,920,Viet Nam,2,Medium,2019,2019,90-94,90,5,33.212,140.138,173.35
128,704,,VNM,VN,704,4,Country/Area,920,Viet Nam,2,Medium,2019,2019,95-99,95,5,4.956,38.283,43.239
128,704,,VNM,VN,704,4,Country/Area,920,Viet Nam,2,Medium,2019,2019,100+,100,-1,0.299,5.213,5.512
290,876,2,WLF,WF,876,4,Country/Area,957,Wallis and Futuna Islands,2,Medium,2019,2019,0-4,0,5,0.427,0.395,0.822
290,876,2,WLF,WF,876,4,Country/Area,957,Wallis and Futuna Islands,2,Medium,2019,2019,05-Sep,5,5,0.51,0.497,1.007
290,876,2,WLF,WF,876,4,Country/Area,957,Wallis and Futuna Islands,2,Medium,2019,2019,Oct-14,10,5,0.574,0.535,1.109
290,876,2,WLF,WF,876,4,Country/Area,957,Wallis and Futuna Islands,2,Medium,2019,2019,15-19,15,5,0.522,0.491,1.013
290,876,2,WLF,WF,876,4,Country/Area,957,Wallis and Futuna Islands,2,Medium,2019,2019,20-24,20,5,0.288,0.326,0.614
290,876,2,WLF,WF,876,4,Country/Area,957,Wallis and Futuna Islands,2,Medium,2019,2019,25-29,25,5,0.269,0.339,0.608
290,876,2,WLF,WF,876,4,Country/Area,957,Wallis and Futuna Islands,2,Medium,2019,2019,30-34,30,5,0.268,0.348,0.616
290,876,2,WLF,WF,876,4,Country/Area,957,Wallis and Futuna Islands,2,Medium,2019,2019,35-39,35,5,0.343,0.412,0.755
290,876,2,WLF,WF,876,4,Country/Area,957,Wallis and Futuna Islands,2,Medium,2019,2019,40-44,40,5,0.397,0.48,0.877
290,876,2,WLF,WF,876,4,Country/Area,957,Wallis and Futuna Islands,2,Medium,2019,2019,45-49,45,5,0.439,0.472,0.911
290,876,2,WLF,WF,876,4,Country/Area,957,Wallis and Futuna Islands,2,Medium,2019,2019,50-54,50,5,0.315,0.408,0.723
290,876,2,WLF,WF,876,4,Country/Area,957,Wallis and Futuna Islands,2,Medium,2019,2019,55-59,55,5,0.32,0.379,0.699
290,876,2,WLF,WF,876,4,Country/Area,957,Wallis and Futuna Islands,2,Medium,2019,2019,60-64,60,5,0.32,0.282,0.602
290,876,2,WLF,WF,876,4,Country/Area,957,Wallis and Futuna Islands,2,Medium,2019,2019,65-69,65,5,0.239,0.252,0.491
290,876,2,WLF,WF,876,4,Country/Area,957,Wallis and Futuna Islands,2,Medium,2019,2019,70-74,70,5,0.223,0.191,0.414
290,876,2,WLF,WF,876,4,Country/Area,957,Wallis and Futuna Islands,2,Medium,2019,2019,75-79,75,5,0.122,0.114,0.236
290,876,2,WLF,WF,876,4,Country/Area,957,Wallis and Futuna Islands,2,Medium,2019,2019,80-84,80,5,0.065,0.105,0.17
290,876,2,WLF,WF,876,4,Country/Area,957,Wallis and Futuna Islands,2,Medium,2019,2019,85-89,85,5,0.024,0.044,0.068
290,876,2,WLF,WF,876,4,Country/Area,957,Wallis and Futuna Islands,2,Medium,2019,2019,90-94,90,5,0.008,0.013,0.021
290,876,2,WLF,WF,876,4,Country/Area,957,Wallis and Futuna Islands,2,Medium,2019,2019,95-99,95,5,0.001,0.004,0.005
290,876,2,WLF,WF,876,4,Country/Area,957,Wallis and Futuna Islands,2,Medium,2019,2019,100+,100,-1,0,0,0
66,732,,ESH,EH,732,4,Country/Area,912,Western Sahara,2,Medium,2019,2019,0-4,0,5,23.908,22.96,46.868
66,732,,ESH,EH,732,4,Country/Area,912,Western Sahara,2,Medium,2019,2019,05-Sep,5,5,23.769,22.905,46.674
66,732,,ESH,EH,732,4,Country/Area,912,Western Sahara,2,Medium,2019,2019,Oct-14,10,5,21.39,20.634,42.024
66,732,,ESH,EH,732,4,Country/Area,912,Western Sahara,2,Medium,2019,2019,15-19,15,5,19.747,18.528,38.275
66,732,,ESH,EH,732,4,Country/Area,912,Western Sahara,2,Medium,2019,2019,20-24,20,5,20.932,17.916,38.848
66,732,,ESH,EH,732,4,Country/Area,912,Western Sahara,2,Medium,2019,2019,25-29,25,5,25.99,20.336,46.326
66,732,,ESH,EH,732,4,Country/Area,912,Western Sahara,2,Medium,2019,2019,30-34,30,5,30.788,22.889,53.677
66,732,,ESH,EH,732,4,Country/Area,912,Western Sahara,2,Medium,2019,2019,35-39,35,5,30.946,21.727,52.673
66,732,,ESH,EH,732,4,Country/Area,912,Western Sahara,2,Medium,2019,2019,40-44,40,5,25.514,16.478,41.992
66,732,,ESH,EH,732,4,Country/Area,912,Western Sahara,2,Medium,2019,2019,45-49,45,5,21.41,13.755,35.165
66,732,,ESH,EH,732,4,Country/Area,912,Western Sahara,2,Medium,2019,2019,50-54,50,5,16.743,11.423,28.166
66,732,,ESH,EH,732,4,Country/Area,912,Western Sahara,2,Medium,2019,2019,55-59,55,5,12.727,9.767,22.494
66,732,,ESH,EH,732,4,Country/Area,912,Western Sahara,2,Medium,2019,2019,60-64,60,5,9.684,8.532,18.216
66,732,,ESH,EH,732,4,Country/Area,912,Western Sahara,2,Medium,2019,2019,65-69,65,5,6.593,6.221,12.814
66,732,,ESH,EH,732,4,Country/Area,912,Western Sahara,2,Medium,2019,2019,70-74,70,5,3.912,3.703,7.615
66,732,,ESH,EH,732,4,Country/Area,912,Western Sahara,2,Medium,2019,2019,75-79,75,5,2.059,1.958,4.017
66,732,,ESH,EH,732,4,Country/Area,912,Western Sahara,2,Medium,2019,2019,80-84,80,5,0.913,0.873,1.786
66,732,,ESH,EH,732,4,Country/Area,912,Western Sahara,2,Medium,2019,2019,85-89,85,5,0.323,0.307,0.63
66,732,,ESH,EH,732,4,Country/Area,912,Western Sahara,2,Medium,2019,2019,90-94,90,5,0.095,0.08,0.175
66,732,,ESH,EH,732,4,Country/Area,912,Western Sahara,2,Medium,2019,2019,95-99,95,5,0.035,0.022,0.057
66,732,,ESH,EH,732,4,Country/Area,912,Western Sahara,2,Medium,2019,2019,100+,100,-1,0.009,0.006,0.015
147,887,,YEM,YE,887,4,Country/Area,922,Yemen,2,Medium,2019,2019,0-4,0,5,2366.542,2253.567,4620.109
147,887,,YEM,YE,887,4,Country/Area,922,Yemen,2,Medium,2019,2019,05-Sep,5,5,2166.557,2065.89,4232.447
147,887,,YEM,YE,887,4,Country/Area,922,Yemen,2,Medium,2019,2019,Oct-14,10,5,1955.849,1867.126,3822.975
147,887,,YEM,YE,887,4,Country/Area,922,Yemen,2,Medium,2019,2019,15-19,15,5,1732.255,1655.711,3387.966
147,887,,YEM,YE,887,4,Country/Area,922,Yemen,2,Medium,2019,2019,20-24,20,5,1591.795,1539.287,3131.082
147,887,,YEM,YE,887,4,Country/Area,922,Yemen,2,Medium,2019,2019,25-29,25,5,1453.017,1415.239,2868.256
147,887,,YEM,YE,887,4,Country/Area,922,Yemen,2,Medium,2019,2019,30-34,30,5,1191.891,1164.084,2355.975
147,887,,YEM,YE,887,4,Country/Area,922,Yemen,2,Medium,2019,2019,35-39,35,5,915.319,887.651,1802.97
147,887,,YEM,YE,887,4,Country/Area,922,Yemen,2,Medium,2019,2019,40-44,40,5,666.309,649.947,1316.256
147,887,,YEM,YE,887,4,Country/Area,922,Yemen,2,Medium,2019,2019,45-49,45,5,500.367,499.16,999.527
147,887,,YEM,YE,887,4,Country/Area,922,Yemen,2,Medium,2019,2019,50-54,50,5,376.817,389.631,766.448
147,887,,YEM,YE,887,4,Country/Area,922,Yemen,2,Medium,2019,2019,55-59,55,5,276.612,298.936,575.548
147,887,,YEM,YE,887,4,Country/Area,922,Yemen,2,Medium,2019,2019,60-64,60,5,202.133,230.439,432.572
147,887,,YEM,YE,887,4,Country/Area,922,Yemen,2,Medium,2019,2019,65-69,65,5,148.196,179.443,327.639
147,887,,YEM,YE,887,4,Country/Area,922,Yemen,2,Medium,2019,2019,70-74,70,5,112.041,143.883,255.924
147,887,,YEM,YE,887,4,Country/Area,922,Yemen,2,Medium,2019,2019,75-79,75,5,65.693,91.52,157.213
147,887,,YEM,YE,887,4,Country/Area,922,Yemen,2,Medium,2019,2019,80-84,80,5,30.956,47.938,78.894
147,887,,YEM,YE,887,4,Country/Area,922,Yemen,2,Medium,2019,2019,85-89,85,5,10.081,17.744,27.825
147,887,,YEM,YE,887,4,Country/Area,922,Yemen,2,Medium,2019,2019,90-94,90,5,1.848,4.194,6.042
147,887,,YEM,YE,887,4,Country/Area,922,Yemen,2,Medium,2019,2019,95-99,95,5,0.108,0.468,0.576
147,887,,YEM,YE,887,4,Country/Area,922,Yemen,2,Medium,2019,2019,100+,100,-1,0.001,0.008,0.009
47,894,,ZMB,ZM,894,4,Country/Area,910,Zambia,2,Medium,2019,2019,0-4,0,5,1480.445,1476.244,2956.689
47,894,,ZMB,ZM,894,4,Country/Area,910,Zambia,2,Medium,2019,2019,05-Sep,5,5,1350.026,1351.904,2701.93
47,894,,ZMB,ZM,894,4,Country/Area,910,Zambia,2,Medium,2019,2019,Oct-14,10,5,1177.902,1186.701,2364.603
47,894,,ZMB,ZM,894,4,Country/Area,910,Zambia,2,Medium,2019,2019,15-19,15,5,980.409,995.82,1976.229
47,894,,ZMB,ZM,894,4,Country/Area,910,Zambia,2,Medium,2019,2019,20-24,20,5,836.818,852.731,1689.549
47,894,,ZMB,ZM,894,4,Country/Area,910,Zambia,2,Medium,2019,2019,25-29,25,5,721.289,731.886,1453.175
47,894,,ZMB,ZM,894,4,Country/Area,910,Zambia,2,Medium,2019,2019,30-34,30,5,627.208,629.516,1256.724
47,894,,ZMB,ZM,894,4,Country/Area,910,Zambia,2,Medium,2019,2019,35-39,35,5,517.383,517.572,1034.955
47,894,,ZMB,ZM,894,4,Country/Area,910,Zambia,2,Medium,2019,2019,40-44,40,5,403.286,412.619,815.905
47,894,,ZMB,ZM,894,4,Country/Area,910,Zambia,2,Medium,2019,2019,45-49,45,5,289.756,311.833,601.589
47,894,,ZMB,ZM,894,4,Country/Area,910,Zambia,2,Medium,2019,2019,50-54,50,5,200.094,229.939,430.033
47,894,,ZMB,ZM,894,4,Country/Area,910,Zambia,2,Medium,2019,2019,55-59,55,5,137.893,170.471,308.364
47,894,,ZMB,ZM,894,4,Country/Area,910,Zambia,2,Medium,2019,2019,60-64,60,5,88.135,120.098,208.233
47,894,,ZMB,ZM,894,4,Country/Area,910,Zambia,2,Medium,2019,2019,65-69,65,5,53.356,81.304,134.66
47,894,,ZMB,ZM,894,4,Country/Area,910,Zambia,2,Medium,2019,2019,70-74,70,5,33.458,52.067,85.525
47,894,,ZMB,ZM,894,4,Country/Area,910,Zambia,2,Medium,2019,2019,75-79,75,5,18.887,31.029,49.916
47,894,,ZMB,ZM,894,4,Country/Area,910,Zambia,2,Medium,2019,2019,80-84,80,5,8.989,15.956,24.945
47,894,,ZMB,ZM,894,4,Country/Area,910,Zambia,2,Medium,2019,2019,85-89,85,5,3.209,6.502,9.711
47,894,,ZMB,ZM,894,4,Country/Area,910,Zambia,2,Medium,2019,2019,90-94,90,5,0.83,1.913,2.743
47,894,,ZMB,ZM,894,4,Country/Area,910,Zambia,2,Medium,2019,2019,95-99,95,5,0.134,0.369,0.503
47,894,,ZMB,ZM,894,4,Country/Area,910,Zambia,2,Medium,2019,2019,100+,100,-1,0.013,0.041,0.054
48,716,,ZWE,ZW,716,4,Country/Area,910,Zimbabwe,2,Medium,2019,2019,0-4,0,5,1145.94,1135.616,2281.556
48,716,,ZWE,ZW,716,4,Country/Area,910,Zimbabwe,2,Medium,2019,2019,05-Sep,5,5,1088.752,1097.289,2186.041
48,716,,ZWE,ZW,716,4,Country/Area,910,Zimbabwe,2,Medium,2019,2019,Oct-14,10,5,914.924,946.618,1861.542
48,716,,ZWE,ZW,716,4,Country/Area,910,Zimbabwe,2,Medium,2019,2019,15-19,15,5,847.292,902.141,1749.433
48,716,,ZWE,ZW,716,4,Country/Area,910,Zimbabwe,2,Medium,2019,2019,20-24,20,5,653.473,733.235,1386.708
48,716,,ZWE,ZW,716,4,Country/Area,910,Zimbabwe,2,Medium,2019,2019,25-29,25,5,498.041,620.805,1118.846
48,716,,ZWE,ZW,716,4,Country/Area,910,Zimbabwe,2,Medium,2019,2019,30-34,30,5,471.069,619.009,1090.078
48,716,,ZWE,ZW,716,4,Country/Area,910,Zimbabwe,2,Medium,2019,2019,35-39,35,5,441.18,543.746,984.926
48,716,,ZWE,ZW,716,4,Country/Area,910,Zimbabwe,2,Medium,2019,2019,40-44,40,5,316.026,386.951,702.977
48,716,,ZWE,ZW,716,4,Country/Area,910,Zimbabwe,2,Medium,2019,2019,45-49,45,5,212.194,273.445,485.639
48,716,,ZWE,ZW,716,4,Country/Area,910,Zimbabwe,2,Medium,2019,2019,50-54,50,5,143.749,186.441,330.19
48,716,,ZWE,ZW,716,4,Country/Area,910,Zimbabwe,2,Medium,2019,2019,55-59,55,5,112.77,151.453,264.223
48,716,,ZWE,ZW,716,4,Country/Area,910,Zimbabwe,2,Medium,2019,2019,60-64,60,5,106.908,149.921,256.829
48,716,,ZWE,ZW,716,4,Country/Area,910,Zimbabwe,2,Medium,2019,2019,65-69,65,5,94.157,129.342,223.499
48,716,,ZWE,ZW,716,4,Country/Area,910,Zimbabwe,2,Medium,2019,2019,70-74,70,5,55.747,77.313,133.06
48,716,,ZWE,ZW,716,4,Country/Area,910,Zimbabwe,2,Medium,2019,2019,75-79,75,5,31.92,47.049,78.969
48,716,,ZWE,ZW,716,4,Country/Area,910,Zimbabwe,2,Medium,2019,2019,80-84,80,5,15.279,24.147,39.426
48,716,,ZWE,ZW,716,4,Country/Area,910,Zimbabwe,2,Medium,2019,2019,85-89,85,5,7.172,13.199,20.371
48,716,,ZWE,ZW,716,4,Country/Area,910,Zimbabwe,2,Medium,2019,2019,90-94,90,5,2.349,5.486,7.835
48,716,,ZWE,ZW,716,4,Country/Area,910,Zimbabwe,2,Medium,2019,2019,95-99,95,5,0.413,1.196,1.609
48,716,,ZWE,ZW,716,4,Country/Area,910,Zimbabwe,2,Medium,2019,2019,100+,100,-1,0.052,0.18,0.232
